Category,Keyword,Clue 1,Clue 2,Clue 3
மூன்றெழுத்து,அம்பு,வில்,எய்,கூர்மை
மூன்றெழுத்து,அரசி,ராணி,ராஜா,கிரீடம்
மூன்றெழுத்து,அரிசி,நெல்,சோறு,தானியம்
மூன்றெழுத்து,அரிமா,சிங்கம்,காடு,கர்ஜனை
மூன்றெழுத்து,அருவி,நீர்வீழ்ச்சி,மலை,தண்ணீர்
மூன்றெழுத்து,அன்பு,பாசம்,நேசம்,காதல்
மூன்றெழுத்து,அன்னை,தாய்,அம்மா,பெற்றோர்
மூன்றெழுத்து,அனல்,வெப்பம்,சூடு,நெருப்பு
மூன்றெழுத்து,ஆண்டு,வருடம்,மாதம்,நாள்
மூன்றெழுத்து,ஆவணி,மாதம்,தமிழ்,ஐந்தாம்
மூன்றெழுத்து,இரவு,பகல்,இருள்,நிலா
மூன்றெழுத்து,ஈட்டி,வேல்,ஆயுதம்,திரிசூலம்
மூன்றெழுத்து,உண்மை,பொய்,மெய்,சத்தியம்
மூன்றெழுத்து,உரிமை,கடமை,சுதந்திரம்,தகுதி
மூன்றெழுத்து,உதவி,சகாயம்,ஆதரவு,கைம்மாறு
மூன்றெழுத்து,ஐயம்,சந்தேகம்,தெளிவு,கேள்வி
மூன்றெழுத்து,ஓய்வு,உழைப்பு,இளைப்பாறு,விடுமுறை
மூன்றெழுத்து,கடல்,சமுத்திரம்,அலை,கப்பல்
மூன்றெழுத்து,கபடி,விளையாட்டு,ஆட்டம்,குழு
மூன்றெழுத்து,கயிறு,வடம்,கட்டு,இழு
மூன்றெழுத்து,கரம்,கை,விரல்,உள்ளங்கை
மூன்றெழுத்து,கருவி,சாதனம்,உபகரணம்,ஆயுதம்
மூன்றெழுத்து,கல்வி,படிப்பு,ஞானம்,பள்ளி
மூன்றெழுத்து,கவலை,துக்கம்,மகிழ்ச்சி,துன்பம்
மூன்றெழுத்து,கனவு,நிஜம்,உறக்கம்,கற்பனை
மூன்றெழுத்து,கிணறு,கேணி,தண்ணீர்,ஆழம்
மூன்றெழுத்து,காகம்,காக்கை,பறவை,கரைதல்
மூன்றெழுத்து,காலம்,நேரம்,பருவம்,வினாடி
மூன்றெழுத்து,காவிரி,ஆறு,நதி,தண்ணீர்
மூன்றெழுத்து,கிருமி,நுண்ணுயிர்,தோற்று,நோய்
மூன்றெழுத்து,குணம்,பண்பு,இயல்பு,நடத்தை
மூன்றெழுத்து,குருவி,சிட்டு,பறவை,கூடு
மூன்றெழுத்து,குளம்,ஏரி,நீர்நிலை,தாமரை
மூன்றெழுத்து,கேள்வி,பதில்,வினா,விசாரணை
மூன்றெழுத்து,கொள்கை,கோட்பாடு,தத்துவம்,விதி
மூன்றெழுத்து,கோட்டை,அரண்,மதில்,பாதுகாப்பு
மூன்றெழுத்து,கோயில்,ஆலயம்,தேவாலயம்,வழிபாடு
மூன்றெழுத்து,சட்டை,உடை,ஆடை,துணி
மூன்றெழுத்து,சாட்டை,அடி,கசை,வண்டி
மூன்றெழுத்து,சாதம்,சோறு,அன்னம்,உணவு
மூன்றெழுத்து,சிற்பி,சிலை,செதுக்கு,உளி
மூன்றெழுத்து,ஞாயிறு,சூரியன்,கிழமை,பகல்
மூன்றெழுத்து,தந்தை,அப்பா,பெற்றோர்,மகன்
மூன்றெழுத்து,தவம்,யோகம்,முனிவர்,வரம்
மூன்றெழுத்து,தவளை,நுணல்,நிலம்,தாவும்
மூன்றெழுத்து,தவறு,சரி,பிழை,குற்றம்
மூன்றெழுத்து,தாமரை,மலர்,குளம்,இலை
மூன்றெழுத்து,தேசம்,நாடு,தேசபக்தி,குடிமகன்
மூன்றெழுத்து,தேர்வு,பரீட்சை,வெற்றி,தோல்வி
மூன்றெழுத்து,தோல்வி,வெற்றி,பின்னடைவு,ஏமாற்றம்
மூன்றெழுத்து,நகம்,விரல்,கை,கால்
மூன்றெழுத்து,நன்றி,உபகாரம்,பாராட்டு,செய்நன்றி
மூன்றெழுத்து,நாகம்,பாம்பு,சர்ப்பம்,விஷம்
மூன்றெழுத்து,நிலவு,சந்திரன்,இரவு,வெளிச்சம்
மூன்றெழுத்து,நிழல்,வெயில்,மரம்,உருவம்
மூன்றெழுத்து,நீராவி,ஆவி,வெப்பம்,கொதி
மூன்றெழுத்து,பகல்,இரவு,வெளிச்சம்,காலை
மூன்றெழுத்து,பல்லி,ஊர்வன,சுவர்,பூச்சி
மூன்றெழுத்து,பட்டு,ஆடை,துணி,மென்மை
மூன்றெழுத்து,படம்,திரைப்படம்,ஓவியம்,புகைப்படம்
மூன்றெழுத்து,பணம்,காசு,ரூபாய்,செல்வம்
மூன்றெழுத்து,பணிவு,அடக்கம்,எளிமை,மரியாதை
மூன்றெழுத்து,பதவி,வேலை,அதிகாரம்,பொறுப்பு
மூன்றெழுத்து,பள்ளி,கல்வி,மாணவர்,ஆசிரியர்
மூன்றெழுத்து,பதில்,கேள்வி,விடை,மறுமொழி
மூன்றெழுத்து,பரிசு,அன்பளிப்பு,வெகுமதி,போட்டி
மூன்றெழுத்து,பறவை,சிறகு,கூடு,வானம்
மூன்றெழுத்து,பாரம்,எடை,கனம்,சுமை
மூன்றெழுத்து,பாலம்,இணைப்பு,ஆறு,கடந்துசெல்
மூன்றெழுத்து,புகழ்,பெருமை,கீர்த்தி,அவமானம்
மூன்றெழுத்து,புதன்,கோள்,அறிவன்,புத்தி
மூன்றெழுத்து,புரவி,குதிரை,பந்தயம்,சவாரி
மூன்றெழுத்து,பெருமை,கர்வம்,புகழ்,சிறுமை
மூன்றெழுத்து,பேச்சு,வார்த்தை,மொழி,உரையாடல்
மூன்றெழுத்து,பொறுமை,சகிப்புத்தன்மை,அவசரம்,அமைதி
மூன்றெழுத்து,போட்டி,பந்தயம்,விளையாட்டு,ஜெயித்தல்
மூன்றெழுத்து,மதில்,சுவர்,கோட்டை,பாதுகாப்பு
மூன்றெழுத்து,மலர்,பூ,செடி,மணம்
மூன்றெழுத்து,மலிவு,விலை,குறைவு,அதிகம்
மூன்றெழுத்து,மணல்,கடற்கரை,வீடு,பாலைவனம்
மூன்றெழுத்து,மாளிகை,அரண்மனை,வீடு,பெரிய
மூன்றெழுத்து,மூலிகை,செடி,மருந்து,வேர்
மூன்றெழுத்து,வண்டி,வாகனம்,சக்கரம்,பயணம்
மூன்றெழுத்து,வண்டு,பூச்சி,தேனீ,ரீங்காரம்
மூன்றெழுத்து,வறுமை,ஏழ்மை,செல்வம்,பசி
மூன்றெழுத்து,வாடகை,குடியிருப்பு,பணம்,ஒப்பந்தம்
மூன்றெழுத்து,வாரம்,கிழமை,மாதம்,ஏழு
மூன்றெழுத்து,வாய்மை,உண்மை,பொய்,சத்தியம்
மூன்றெழுத்து,வானம்,ஆகாயம்,மேகம்,நீலம்
மூன்றெழுத்து,வெண்மை,கருமை,நிறம்,தூய்மை
மூன்றெழுத்து,வெள்ளி,உலோகம்,கிழமை,பளபளப்பு
மூன்றெழுத்து,வெற்றி,தோல்வி,சாதனை,மகிழ்ச்சி
மூன்றெழுத்து,வேங்கை,புலி,விலங்கு,காடு
மூன்றெழுத்து,வேடன்,வேட்டை,காடு,விலங்கு
நான்கெழுத்து,அங்காடி,கடை,சந்தை,வணிகம்
நான்கெழுத்து,அச்சம்,பயம்,தைரியம்,திகில்
நான்கெழுத்து,அரசன்,ராஜா,மன்னன்,ஆளுநர்
நான்கெழுத்து,அறிஞர்,புலவர்,ஞானி,மேதை
நான்கெழுத்து,அறுவடை,விவசாயம்,நெல்,விளைச்சல்
நான்கெழுத்து,ஆசிரியை,ஆசிரியர்,மாணவர்,பாடம்
நான்கெழுத்து,ஆடவர்,ஆண்கள்,பெண்கள்,மனிதர்
நான்கெழுத்து,ஆபத்து,அபாயம்,பாதுகாப்பு,எச்சரிக்கை
நான்கெழுத்து,ஆயிரம்,நூறு,லட்சம்,எண்
நான்கெழுத்து,இயற்கை,செயற்கை,காடு,செடி
நான்கெழுத்து,இளைஞர்,வாலிபர்,முதியவர்,இளமை
நான்கெழுத்து,உலகம்,பூமி,நாடு,மக்கள்
நான்கெழுத்து,உலோகம்,தங்கம்,இரும்பு,வெள்ளி
நான்கெழுத்து,ஊதியம்,சம்பளம்,வருமானம்,வேலை
நான்கெழுத்து,ஊறுகாய்,புளிப்பு,உணவு,சுவை
நான்கெழுத்து,எண்ணம்,சிந்தனை,கருத்து,நினைவு
நான்கெழுத்து,எரிமலை,நெருப்பு,சீற்றம்,குழம்பு
நான்கெழுத்து,ஏராளம்,அதிகம்,நிறைய,குறைவு
நான்கெழுத்து,ஓவியம்,சித்திரம்,வரைதல்,கலை
நான்கெழுத்து,கட்டளை,ஆணை,உத்தரவு,அதிகாரம்
நான்கெழுத்து,கட்டுரை,எழுத்து,பத்தி,வாக்கியம்
நான்கெழுத்து,கண்ணீர்,அழுகை,சோகம்,துளி
நான்கெழுத்து,கணிதம்,கணக்கு,எண்,கூட்டல்
நான்கெழுத்து,கல்லணை,அணை,ஆறு,நீர்
நான்கெழுத்து,களிமண்,மண்,பானை,சிற்பம்
நான்கெழுத்து,காரியம்,செயல்,வேலை,நோக்கம்
நான்கெழுத்து,கால்நடை,மாடு,ஆடு,விலங்கு
நான்கெழுத்து,கிராமம்,ஊர்,நகரம்,மக்கள்
நான்கெழுத்து,கூட்டம்,நெரிசல்,மக்கள்,தனிமை
நான்கெழுத்து,கூட்டல்,கழித்தல்,கணிதம்,எண்
நான்கெழுத்து,கூந்தல்,முடி,தலை,அழகு
நான்கெழுத்து,கொண்டாடு,விழா,மகிழ்ச்சி,கொண்டாட்டம்
நான்கெழுத்து,கோபுரம்,கோயில்,உயரம்,வாசல்
நான்கெழுத்து,கோரிக்கை,வேண்டுகோள்,விண்ணப்பம்,மனு
நான்கெழுத்து,சட்டம்,விதி,ஒழுங்கு,நீதி
நான்கெழுத்து,சகோதரி,அக்கா,தங்கை,உடன்பிறப்பு
நான்கெழுத்து,சமூகம்,மக்கள்,சமுதாயம்,நாகரிகம்
நான்கெழுத்து,சிரமம்,கடினம்,எளிது,கஷ்டம்
நான்கெழுத்து,சிறப்பு,பொது,முக்கியத்துவம்,தனித்துவம்
நான்கெழுத்து,சுற்றுலா,பயணம்,பிரயாணம்,சுற்றிப்பார்
நான்கெழுத்து,சூழ்நிலை,நிலைமை,சூழல்,சந்தர்ப்பம்
நான்கெழுத்து,செயற்கை,இயற்கை,மனிதனால்,உருவாக்கப்பட்ட
நான்கெழுத்து,செல்வம்,வளம்,பணம்,சொத்து
நான்கெழுத்து,தண்டனை,அபராதம்,குற்றம்,சிறை
நான்கெழுத்து,தண்ணீர்,நீர்,பருகு,அத்தியாவசியம்
நான்கெழுத்து,தலைவர்,வழிகாட்டி,தலைமை,நிர்வாகி
நான்கெழுத்து,திருவிழா,கொண்டாட்டம்,பண்டிகை,கூட்டம்
நான்கெழுத்து,தெய்வம்,கடவுள்,இறைவன்,சக்தி
நான்கெழுத்து,தேர்தல்,வாக்கு,ஜனநாயகம்,பிரதிநிதி
நான்கெழுத்து,தொண்ணூறு,எண்,நூறு,பத்தொன்பது
நான்கெழுத்து,நகரம்,மாநகரம்,பட்டணம்,கிராமம்
நான்கெழுத்து,நடனம்,ஆட்டம்,இசை,கலை
நான்கெழுத்து,நரகம்,சொர்க்கம்,பாவம்,தண்டனை
நான்கெழுத்து,நாடகம்,நடிப்பு,மேடை,கதை
நான்கெழுத்து,நெருப்பு,தீ,சூடு,எரி
நான்கெழுத்து,நூலகம்,புத்தகம்,வாசிப்பு,அறிவு
நான்கெழுத்து,பண்பாடு,கலாச்சாரம்,நாகரிகம்,பாரம்பரியம்
நான்கெழுத்து,பயணம்,பிரயாணம்,செலவு,அனுபவம்
நான்கெழுத்து,பயிற்சி,பழக்கம்,கற்றல்,திறமை
நான்கெழுத்து,பாடகர்,இசை,பாட்டு,குரல்
நான்கெழுத்து,பாராட்டு,வாழ்த்து,மரியாதை,புகழ்ச்சி
நான்கெழுத்து,புன்னகை,சிரிப்பு,மகிழ்ச்சி,முகம்
நான்கெழுத்து,பொங்கல்,பண்டிகை,அறுவடை,சூரியன்
நான்கெழுத்து,மகளிர்,பெண்கள்,தாய்,சகோதரி
நான்கெழுத்து,மகுடம்,கிரீடம்,அரசன்,அதிகாரம்
நான்கெழுத்து,மஞ்சள்,நிறம்,மங்கலம்,கிழங்கு
நான்கெழுத்து,மந்திரி,அமைச்சர்,அரசு,ஆலோசனை
நான்கெழுத்து,மரியாதை,மதிப்பு,வணக்கம்,பண்பு
நான்கெழுத்து,மன்னன்,அரசன்,ராஜா,ஆட்சி
நான்கெழுத்து,மாநிலம்,தேசம்,அரசு,நிர்வாகம்
நான்கெழுத்து,மிருகம்,விலங்கு,காடு,பிராணி
நான்கெழுத்து,மூங்கில்,மரம்,புல்,குழாய்
நான்கெழுத்து,யுத்தம்,போர்,சண்டை,அமைதி
நான்கெழுத்து,வகுப்பு,பாடம்,மாணவர்,அறை
நான்கெழுத்து,வரலாறு,சரித்திரம்,கடந்தகாலம்,நிகழ்வு
நான்கெழுத்து,வருடம்,ஆண்டு,மாதம்,நாள்
நான்கெழுத்து,விஞ்ஞானி,அறிவியல்,கண்டுபிடிப்பு,ஆராய்ச்சி
நான்கெழுத்து,விமானம்,வானூர்தி,பற,ஆகாயம்
நான்கெழுத்து,வியப்பு,ஆச்சரியம்,அதிசயம்,திகைப்பு
நான்கெழுத்து,விளக்கு,ஒளி,தீபம்,வெளிச்சம்
நான்கெழுத்து,விவசாயி,உழவன்,நிலம்,பயிர்
ஐந்தெழுத்து,அடிப்படை,ஆதாரம்,மூலம்,தொடக்கம்
ஐந்தெழுத்து,அடையாளம்,சான்று,குறி,தனித்துவம்
ஐந்தெழுத்து,அச்சகம்,அச்சு,புத்தகம்,இயந்திரம்
ஐந்தெழுத்து,அதிகாரம்,ஆட்சி,உரிமை,சக்தி
ஐந்தெழுத்து,அதிர்ச்சி,திகைப்பு,நடுக்கம்,எதிர்பாராத
ஐந்தெழுத்து,அமைச்சர்,மந்திரி,அரசு,துறை
ஐந்தெழுத்து,அரசியல்,அரசாங்கம்,கொள்கை,கட்சி
ஐந்தெழுத்து,அரண்மனை,மாளிகை,ராஜா,ராணி
ஐந்தெழுத்து,அறிவிப்பு,செய்தி,தகவல்,விளம்பரம்
ஐந்தெழுத்து,அறிவியல்,விஞ்ஞானம்,ஆராய்ச்சி,அறிவு
ஐந்தெழுத்து,அனுபவம்,பட்டறிவு,உணர்வு,நிகழ்வு
ஐந்தெழுத்து,அவசரம்,விரைவு,தாமதம்,முக்கியம்
ஐந்தெழுத்து,அவமானம்,இழிவு,மரியாதை,பழி
ஐந்தெழுத்து,ஆத்திரம்,கோபம்,சினம்,வெறுப்பு
ஐந்தெழுத்து,ஆராய்ச்சி,ஆய்வு,தேடல்,கண்டுபிடிப்பு
ஐந்தெழுத்து,இயக்கம்,அசைவு,செயல்பாடு,குழு
ஐந்தெழுத்து,உதாரணம்,எடுத்துக்காட்டு,மாதிரி,விளக்கம்
ஐந்தெழுத்து,உரையாடல்,பேச்சு,சம்பாஷணை,கலந்துரையாடல்
ஐந்தெழுத்து,உறக்கம்,தூக்கம்,ஓய்வு,கனவு
ஐந்தெழுத்து,உறுதிமொழி,சத்தியம்,வாக்குறுதி,சபதம்
ஐந்தெழுத்து,ஏற்றுமதி,இறக்குமதி,வணிகம்,வெளிநாடு
ஐந்தெழுத்து,கடற்கரை,ஓரம்,மணல்,அலை
ஐந்தெழுத்து,கதாநாயகி,நடிகை,திரைப்படம்,முக்கிய பாத்திரம்
ஐந்தெழுத்து,கம்பளம்,விரிப்பு,தரை,மென்மை
ஐந்தெழுத்து,கரிகாலன்,சோழன்,மன்னன்,கல்லணை
ஐந்தெழுத்து,கல்வெட்டு,பாறை,எழுத்து,சரித்திரம்
ஐந்தெழுத்து,கற்கண்டு,சர்க்கரை,இனிப்பு,வெள்ளை
ஐந்தெழுத்து,காப்பியம்,இலக்கியம்,கதை,புராணம்
ஐந்தெழுத்து,குற்றவாளி,குற்றம்,நிரபராதி,தண்டனை
ஐந்தெழுத்து,கைப்பற்று,பிடி,ஆக்கிரமி,வெற்றி
ஐந்தெழுத்து,கைவிலங்கு,சங்கிலி,கட்டு,சிறை
ஐந்தெழுத்து,சகோதரன்,அண்ணன்,தம்பி,உடன்பிறப்பு
ஐந்தெழுத்து,சம்பளம்,ஊதியம்,வருமானம்,வேலை
ஐந்தெழுத்து,சமாதானம்,அமைதி,போர்,ஒப்பந்தம்
ஐந்தெழுத்து,சிநேகிதன்,நண்பன்,தோழன்,நட்பு
ஐந்தெழுத்து,சித்திரம்,ஓவியம்,வரைபடம்,கலை
ஐந்தெழுத்து,சுகாதாரம்,ஆரோக்கியம்,தூய்மை,நல்வாழ்வு
ஐந்தெழுத்து,செல்வாக்கு,ஆதிக்கம்,மதிப்பு,சக்தி
ஐந்தெழுத்து,சொர்க்கம்,மோட்சம்,நரகம்,இன்பம்
ஐந்தெழுத்து,தஞ்சாவூர்,சோழநாடு,கோயில்,ஓவியம்
ஐந்தெழுத்து,தமிழகம்,மாநிலம்,தென்னிந்தியா,சென்னை
ஐந்தெழுத்து,தயாரிப்பு,உற்பத்தி,உருவாக்கம்,பொருள்
ஐந்தெழுத்து,தன்னலம்,சுயநலம்,பொதுநலம்,அகந்தை
ஐந்தெழுத்து,திருமணம்,கல்யாணம்,மணமக்கள்,உறவு
ஐந்தெழுத்து,துறைமுகம்,கப்பல்,ஏற்றுமதி,இறக்குமதி
ஐந்தெழுத்து,தென்மேற்கு,திசை,தெற்கு,மேற்கு
ஐந்தெழுத்து,தொழிற்சாலை,ஆலை,உற்பத்தி,இயந்திரம்
ஐந்தெழுத்து,நம்பிக்கை,பற்று,உறுதி,திண்ணம்
ஐந்தெழுத்து,நிகழ்ச்சி,நிகழ்வு,விழா,ஏற்பாடு
ஐந்தெழுத்து,நிபந்தனை,கட்டுப்பாடு,விதி,ஒப்பந்தம்
ஐந்தெழுத்து,நிறுவனம்,அமைப்பு,கம்பெனி,தொழில்
ஐந்தெழுத்து,பரிந்துரை,சிபாரிசு,ஆலோசனை,ஆதரவு
ஐந்தெழுத்து,பலகாரம்,தின்பண்டம்,உணவு,இனிப்பு
ஐந்தெழுத்து,பரம்பரை,தலைமுறை,பாரம்பரியம்,மூதாதையர்
ஐந்தெழுத்து,பாரதியார்,கவிஞர்,தேசபக்தி,விடுதலை
ஐந்தெழுத்து,பிரதமர்,முதன்மை,அமைச்சர்,அரசு
ஐந்தெழுத்து,பின்விளைவு,விளைவு,முடிவு,பாதிப்பு
ஐந்தெழுத்து,புத்தகம்,நூல்,வாசிப்பு,அறிவு
ஐந்தெழுத்து,புத்தாண்டு,புது வருடம்,கொண்டாட்டம்,தொடக்கம்
ஐந்தெழுத்து,போராட்டம்,சண்டை,எதிர்ப்பு,முயற்சி
ஐந்தெழுத்து,மகிழ்ச்சி,சந்தோஷம்,இன்பம்,துக்கம்
ஐந்தெழுத்து,மதிப்பெண்,புள்ளி,தேர்வு,தரம்
ஐந்தெழுத்து,மன்னிப்பு,பொறுத்தல்,கருணை,குற்றம்
ஐந்தெழுத்து,மாவட்டம்,நிர்வாகம்,பகுதி,மாநிலம்
ஐந்தெழுத்து,மிரட்டல்,அச்சுறுத்தல்,பயமுறுத்து,எச்சரிக்கை
ஐந்தெழுத்து,மின்சாரம்,சக்தி,ஒளி,கம்பி
ஐந்தெழுத்து,முக்கியம்,அவசியம்,முதன்மை,தேவை
ஐந்தெழுத்து,முதியவர்,வயதானவர்,இளைஞர்,அனுபவம்
ஐந்தெழுத்து,மூலதனம்,முதலீடு,பணம்,தொழில்
ஐந்தெழுத்து,வகுத்தல்,பிரித்தல்,கணிதம்,எண்
ஐந்தெழுத்து,வசந்தம்,பருவம்,பூக்கள்,இளவேனில்
ஐந்தெழுத்து,வணக்கம்,நமஸ்காரம்,மரியாதை,வரவேற்பு
ஐந்தெழுத்து,வரவேற்பு,உபசரிப்பு,வருகை,விருந்தினர்
ஐந்தெழுத்து,வல்லரசு,சக்திவாய்ந்த,நாடு,பொருளாதாரம்
ஐந்தெழுத்து,வள்ளுவர்,திருக்குறள்,புலவர்,தெய்வீகம்
ஐந்தெழுத்து,வாக்கியம்,சொல்,மொழி,பொருள்
ஐந்தெழுத்து,வியாபாரம்,வணிகம்,தொழில்,லாபம்
ஐந்தெழுத்து,விவசாயம்,வேளாண்மை,உழவு,பயிர்
ஆறெழுத்து,அடைக்கலம்,புகலிடம்,தஞ்சம்,பாதுகாப்பு
ஆறெழுத்து,அரசாங்கம்,அரசு,ஆட்சி,நிர்வாகம்
ஆறெழுத்து,அரிச்சுவடி,அகரவரிசை,எழுத்துக்கள்,அடிப்படை
ஆறெழுத்து,அலங்காரம்,ஒப்பனை,அழகு,ஜோடனை
ஆறெழுத்து,அலங்கோலம்,சீர்குலைவு,ஒழுங்கின்மை,குழப்பம்
ஆறெழுத்து,அலுவலகம்,காரியாலயம்,வேலை,பணியாளர்
ஆறெழுத்து,இசைத்தட்டு,பாடல்,இசை,பதிவு
ஆறெழுத்து,இடியாப்பம்,உணவு,அரிசி,சேவை
ஆறெழுத்து,இயக்குனர்,நெறியாளர்,திரைப்படம்,வழிகாட்டி
ஆறெழுத்து,இலக்கணம்,மொழி,விதி,சொல்
ஆறெழுத்து,இறக்குமதி,ஏற்றுமதி,வணிகம்,பொருள்கள்
ஆறெழுத்து,உயிரெழுத்து,மெய்யெழுத்து,அகரம்,உயிர்
ஆறெழுத்து,உறுப்பினர்,அங்கத்தினர்,குழு,சங்கம்
ஆறெழுத்து,எதிர்காலம்,வருங்காலம்,இறந்தகாலம்,நிகழ்காலம்
ஆறெழுத்து,ஒத்துழைப்பு,கூட்டுறவு,உதவி,ஒன்றிணைந்து
ஆறெழுத்து,ஒப்புக்கொள்,சம்மதி,ஏற்றுக்கொள்,மறுக்காதே
ஆறெழுத்து,ஒப்பந்தம்,உடன்படிக்கை,உடன்பாடு,கையெழுத்து
ஆறெழுத்து,ஒருமைப்பாடு,ஒற்றுமை,வேற்றுமை,கூட்டு
ஆறெழுத்து,கதாநாயகன்,நடிகர்,திரைப்படம்,முக்கிய பாத்திரம்
ஆறெழுத்து,கரகாட்டம்,நடனம்,நாட்டுப்புறம்,செம்பு
ஆறெழுத்து,கரும்பலகை,எழுதுபலகை,பள்ளி,ஆசிரியர்
ஆறெழுத்து,களஞ்சியம்,சேமிப்பு,கிடங்கு,தானியம்
ஆறெழுத்து,கறிவேப்பிலை,இலை,மணம்,சமையல்
ஆறெழுத்து,கன்யாகுமரி,முக்கடல்,தெற்கு,முனை
ஆறெழுத்து,கிருமிநாசினி,மருந்து,அழி,நுண்ணுயிர்
ஆறெழுத்து,குக்கிராமம்,சிறிய,ஊர்,மக்கள்
ஆறெழுத்து,குடியேறுதல்,குடிபெயர்தல்,வசித்தல்,புதிய இடம்
ஆறெழுத்து,குளிர்காலம்,பனிக்காலம்,வேனிற்காலம்,குளிர்
ஆறெழுத்து,சமுத்திரம்,கடல்,பெருங்கடல்,ஆழம்
ஆறெழுத்து,சரித்திரம்,வரலாறு,கடந்தகாலம்,நிகழ்வு
ஆறெழுத்து,சாயங்காலம்,மாலை,பொழுது,இரவு
ஆறெழுத்து,சுதந்திரம்,விடுதலை,அடிமைத்தனம்,உரிமை
ஆறெழுத்து,சுற்றுலாமையம்,இடம்,பயணம்,தகவல்
ஆறெழுத்து,சுறுசுறுப்பு,ஊக்கம்,சோம்பல்,வேகம்
ஆறெழுத்து,செம்மறியாடு,ஆடு,விலங்கு,உரோமம்
ஆறெழுத்து,செல்வந்தர்,பணக்காரர்,ஏழை,செல்வம்
ஆறெழுத்து,தலைநகரம்,முக்கிய,நகரம்,நிர்வாகம்
ஆறெழுத்து,திருக்குறள்,வள்ளுவர்,அறம்,நூல்
ஆறெழுத்து,திருப்புமுனை,மாற்றம்,முக்கிய,நிகழ்வு
ஆறெழுத்து,திருநெல்வேலி,நகரம்,அல்வா,தாமிரபரணி
ஆறெழுத்து,திமிங்கலம்,மீன்,கடல்,பெரியது
ஆறெழுத்து,தீபகற்பம்,நிலம்,நீர்,மூன்று பக்கம்
ஆறெழுத்து,தென்னிந்தியா,மாநிலங்கள்,கலாச்சாரம்,உணவு
ஆறெழுத்து,நடவடிக்கை,செயல்பாடு,தீர்வு,முன்னேற்றம்
ஆறெழுத்து,நல்லெண்ணெய்,எண்ணெய்,எள்,சமையல்
ஆறெழுத்து,நிகழ்காலம்,தற்காலம்,இறந்தகாலம்,எதிர்காலம்
ஆறெழுத்து,நிரந்தரம்,நிலையானது,தற்காலிகம்,எப்போதும்
ஆறெழுத்து,நீதிமன்றம்,நீதி,சட்டம்,வழக்கு
ஆறெழுத்து,நீர்வீழ்ச்சி,அருவி,மலை,தண்ணீர்
ஆறெழுத்து,நெடுந்தூரம்,தொலைவு,அருகில்,பயணம்
ஆறெழுத்து,பச்சைக்கிளி,பறவை,நிறம்,அழகு
ஆறெழுத்து,பஞ்சாங்கம்,ஜோதிடம்,நாள்,நட்சத்திரம்
ஆறெழுத்து,படையெடுப்பு,தாக்குதல்,போர்,ஆக்கிரமிப்பு
ஆறெழுத்து,பண்டமாற்று,பரிமாற்றம்,பொருள்,வணிகம்
ஆறெழுத்து,பரப்பளவு,விஸ்தீரணம்,நிலம்,அளவு
ஆறெழுத்து,பற்றாக்குறை,குறைபாடு,அதிகம்,தேவை
ஆறெழுத்து,பல்லாயிரம்,பல,ஆயிரம்,எண்ணிக்கை
ஆறெழுத்து,பிரபஞ்சம்,அண்டம்,உலகம்,நட்சத்திரங்கள்
ஆறெழுத்து,பிரம்மாண்டம்,பெரிய,மாபெரும்,மிகையான
ஆறெழுத்து,பூந்தோட்டம்,மலர்கள்,செடிகள்,அழகு
ஆறெழுத்து,பெயர்ச்சொல்,இலக்கணம்,சொல்,பெயர்
ஆறெழுத்து,பெருங்காயம்,மசாலா,மணம்,சமையல்
ஆறெழுத்து,பொருளாதாரம்,நிதி,வளர்ச்சி,வர்த்தகம்
ஆறெழுத்து,பொழுதுபோக்கு,ஓய்வு,மகிழ்ச்சி,விளையாட்டு
ஆறெழுத்து,போர்க்களம்,யுத்தக்களம்,சண்டை,வீரம்
ஆறெழுத்து,மக்கள்தொகை,ஜனத்தொகை,மக்கள்,எண்ணிக்கை
ஆறெழுத்து,மருத்துவம்,வைத்தியம்,சிகிச்சை,மருந்து
ஆறெழுத்து,மருத்துவர்,வைத்தியர்,சிகிச்சை,நோயாளி
ஆறெழுத்து,மறுபடியும்,மீண்டும்,திரும்ப,ஒருமுறை
ஆறெழுத்து,மிருதங்கம்,இசைக்கருவி,தாளம்,கச்சேரி
ஆறெழுத்து,முன்னேற்றம்,வளர்ச்சி,பின்தங்கிய,மேம்பாடு
ஆறெழுத்து,மெய்யெழுத்து,உயிரெழுத்து,எழுத்து,புள்ளி
ஆறெழுத்து,வாழைப்பழம்,பழம்,மரம்,உணவு
ஆறெழுத்து,விடியற்காலை,அதிகாலை,காலை,சூரிய உதயம்
ஆறெழுத்து,விண்ணப்பம்,கோரிக்கை,மனு,படிவம்
ஆறெழுத்து,விருந்தினர்,அழைப்பாளர்,உபசரிப்பு,வருகை
Action,எறி,வீசு,பந்து,கல்
Action,ஓட்டம்,ஓடு,பந்தயம்,வேகம்
Action,தூக்கம்,உறக்கம்,நித்திரை,கனவு
Action,நீச்சல்,குளம்,தண்ணீர்,மித
Action,கவனி,கேள்,செவி,கவனம்
Animal,அணில்,மரங்கள்,கொறிணி,பழம்
Animal,உடும்பு,பல்லி,பிடி,ஊர்வன
Animal,எருது,காளை,மாடு,உழவு
Animal,ஒட்டகச்சிவிங்கி,உயரம்,கழுத்து,ஆப்பிரிக்கா
Animal,ஒட்டகம்,பாலைவனம்,திமில்,சவாரி
Animal,காளை,எருது,மாடு,ஜல்லிக்கட்டு
Animal,குதிரை,சவாரி,பந்தயம்,வேகம்
Animal,ஞமலி (நாய்),விசுவாசம்,வீடு,குரைக்கும்
Animal,நரி,தந்திரம்,காடு,ஊளையிடும்
Animal,பாலூட்டி,குட்டி,பால்,விலங்கு
Animal,பூனை,எலி,பால்,மியாவ்
Animal,முயல்,கேரட்,வேகம்,தாவும்
Animal,வௌவால்,பறக்கும்,இரவு,குகை
Animal,விலங்கு / மிருகம்,பிராணி,காடு,நான்கு கால்
Animal,யானை,தும்பிக்கை,தந்தம்,பெரியது
Animal,சிங்கம் / அரிமா,கர்ஜனை,காட்டின் ராஜா,பிடரி
Animal,பன்றி,சேறு,பண்ணை,இறைச்சி
Animal,முள்ளம்பன்றி,முள்,பாதுகாப்பு,விலங்கு
Animal,எலி,பொந்து,தானியம்,சிறிய
Animal,காண்டாமிருகம்,கொம்பு,பெரிய,தடித்த தோல்
Animal,செம்மறியாடு,உரோமம்,கம்பளி,பண்ணை
Animal,இறால்,கடல் உணவு,ஓடு,வளைந்த
Animal,நத்தை,மெதுவாக,ஓடு,சளி
Animal,புலி ,வரிகள்,காடு,வேங்கை
Animal,வெள்ளெலி,செல்லப்பிராணி,சிறிய,கூண்டு
Animal,ஓநாய்,காடு,கூட்டம்,ஊளையிடும்
Bird,கிளி,பச்சை,பேசும்,பழம்
Bird,கொசு,கடி,இரத்தம்,நோய்
Bird,சேவல்,காலை,கூவும்,கொண்டை
Bird,தூக்கணாங்குருவி,கூடு,தொங்கும்,சிறிய
Bird,பருந்து,வானம்,இரையைத் தேடும்,கூர் பார்வை
Bird,புறா,சமாதானம்,கடிதம்,சாம்பல் நிறம்
Bird,மயில்,தோகை,ஆடும்,தேசிய பறவை
Bird,கொக்கு,வெள்ளை,மீன்,நீண்ட கால்
Bird,காகம் / காக்கை,கருப்பு,கரைதல்,உணவு
Bird,குயில்,பாடும்,கூவும்,வசந்தகாலம்
Bird,நாரை,நீண்ட கால்,நீர்நிலை,பறவை
Bird,கோழி,பண்ணை,முட்டை,இறைச்சி
Body Part,கணுக்கால்,கால்,பாதம்,எலும்பு
Body Part,கல்லீரல்,உறுப்பு,செரிமானம்,வயிறு
Body Part,தோகை,மயில்,இறகு,அழகு
Body Part,நாக்கு,வாய்,சுவை,பேச்சு
Body Part,நுரையீரல்,சுவாசம்,காற்று,மார்பு
Body Part,மீசை,முகம்,முடி,உதடு
Body Part,வாய்,உதடு,பேச்சு,உணவு
Body Part,முதுகு,தண்டுவடம்,பின் பக்கம்,உடல்
Body Part,இரத்தம்/குருதி,சிவப்பு,நாடி,ஓட்டம்
Body Part,எலும்பு,கடினமானது,சுண்ணாம்பு,சட்டம்
Body Part,மூளை,தலை,சிந்தனை,நரம்பு
Body Part,மார்பு,இதயம்,நுரையீரல்,கூடு
Body Part,காது/செவி,கேட்டல்,ஒலி,ஓசை
Body Part,கண்,பார்வை,பார்த்தல்,விழி
Body Part,புருவம்,கண்,முடி,இமை
Body Part,கை,விரல்கள்,எழுதுதல்,வேலை
Body Part,இதயம்,துடிப்பு,காதல்,மார்பு
Body Part,குதிகால்,பாதம்,செருப்பு,நட
Body Part,உறுப்பு,உடல்,செயல்பாடு,பகுதி
Body Part,தொண்டை,குரல்,உணவு,வலி
Body Part,துதிக்கை / தும்பிக்கை,யானை,நீளம்,நீர்
Clothes,பட்டு,புழு,ஆடை,மென்மை
Direction,இடது,பக்கம்,வலது,கை
Flower,அரும்பு,மொட்டு,மலர்,விரியும்
Flower,தாழம்பூ,மணம்,முள்,வாசனை
Food,இஞ்சி,காரம்,தேநீர்,மருந்து
Food,இட்லி,காலை உணவு,அரிசி,ஆவி
Food,உளுந்து,பருப்பு,வடை,கருப்பு
Food,நுங்கு,பனைமரம்,கோடை,குளிர்ச்சி
Food,பாதாம்,கொட்டை,பருப்பு,எண்ணெய்
Food,மொச்சை,அவரை,காய்,புரதம்
Food,மோர்,தயிர்,நீர்,புளிப்பு
Food,சீரகம்,சமையல்,வாசனை,விதை
Food,வெந்தயம்,கசப்பு,குளிர்ச்சி,விதை
Food,உணவு,பசி,சாப்பாடு,ஆற்றல்
Food,கனி ,இனிப்பு / பழம்,மரம்,விதை
Food,பருப்பு,சாம்பார்,புரதம்,தானியம்
Food,காளான்,குடை,புரதம்,செடி
Food,கடுகு,விதை,தாளிப்பு,சிறிய
Food,தின்பண்டம்,நொறுக்குத்தீனி,சுவை,இனிப்பு
Food,ரசம்,புளி,மிளகு,திரவம்
Food,தயிர்,பால்,புளிப்பு,வெண்ணெய்
Food,வெல்லம்,கரும்பு,இனிப்பு,கருப்பட்டி
Fruit,கரும்பு,வெல்லம்,சாறு,இனிப்பு
Fruit,மாதுளை,முத்து,சிவப்பு,பழம்
Fruit,வாழைப்பழம்,மஞ்சள்,பழம்,தோல்
Fruit,திராட்சைப்பழம்,கொடி,கொத்து,புளிப்பு
Fruit,மாம்பழம்,முக்கனி,இனிப்பு,கோடை
Fruit,கிச்சலி,ஆரஞ்சு,பழம்,புளிப்பு
Fruit,தர்பூசணி,கோடை,நீர்,சிவப்பு
Furniture,கட்டில்,படுக்கை,தூக்கம்,அறை
Furniture,கதவு,திற,மூடு,அறை
House,தேன்கூடு,தேனீ,தேன்,அறுங்கோணம்
House,வாசல்,கதவு,நுழைவாயில்,வீடு
Household Things,கம்பளம்,தரை,விரிப்பு,மென்மை
Household Things,கிண்ணம்,பாத்திரம்,உணவு,குழம்பு
Household Things,குடம்,தண்ணீர்,பானை,செம்பு
Household Things,குடை,மழை,வெயில்,பிடி
Household Things,கூரை,வீடு,மேல்,ஓடு
Household Things,கேட்டில்,தேநீர்,சூடு,பாத்திரம்
Household Things,கொத்து கரண்டி,சிமெண்ட்,கலவை,கட்டுவேலை
Household Things,சீவல்,தேங்காய்,துருவல்,சமையல்
Household Things,திரை,ஜன்னல்,துணி,மறை
Household Things,துண்டு,குளியல்,துடை,நீர்
Household Things,நாற்காலி,உட்கார்,மேசை,நான்கு கால்
Household Things,பாய்,படு,உறங்கு,பனை
Household Things,பீப்பாய்,உருளை,மரம்,சேமிப்பு
Household Things,போர்வை,குளிர்,மூடு,தூக்கம்
Household Things,முறம்,அரிசி,புடை,மூங்கில்
Household Things,மேசை,நாற்காலி,உட்கார்,மரம்
Household Things,விசிறி,காற்று,கோடை,கை
Insects,தேனீ,தேன்,கூடு,பூ
Jewelry,தங்க நகை,ஆபரணம்,மஞ்சள்,உலோகம்
Jewelry,தோடு,காது,நகை,ஆபரணம்
Jewelry,முத்து,சிப்பி,கடல்,வெண்மை
Money,காசு,பணம்,சில்லறை,உலோகம்
Music,குழல்,புல்லாங்குழல்,ஊது,இசை
Music,மத்தளம்,தாளம்,கருவி,அடி
Nature,காற்று,தென்றல்,புயல்,சுவாசம்
Nature,சிற்றோடை,நீரோடை,ஆறு,நீர்
Nature,சொட்டு,துளி,நீர்,மழை
Nature,பௌர்ணமி,முழு நிலா,வெளிச்சம்,இரவு
Nature,குறிஞ்சி,மலை,பூ,நிலம்
Nature,மருதம்,வயல்,பூ,நிலம்
Nature,பாலை,மணல்,வறட்சி,நிலம்
Nature,பூமி,உலகம்,நிலம்,கோள்
Nature,அண்டம்,பிரபஞ்சம்,விண்மீன்,கோள்
Nature,வானவில்,ஏழு நிறம்,மழை,வானம்
Nature,பாறை,கல்,மலை,கடினம்
Nature,வானம்,மேகம்  / ஆகாயம்,நீலம்,விண்
மக்கள்,குறவன், குறிஞ்சி,மக்கள், ஆண்
நான்கெழுத்து,விடயம், செய்தி, விவரம், தகவல்
நான்கெழுத்து, வறட்சி, உலர்ந்த​ / காய்ந்த​, நிலம், பாலைவனம்
Nature, தாவரம், நிலைத்திணை, மரம்/செடி, கொடி
Secret, இரகசியம் / ரகசியம், மறைபொருள், அந்தரங்கம், கமுக்கம்
Household Things, தாம்பாளம்,  தட்டு, பெரியது, பாத்திரம்
நான்கெழுத்து, விண்கல்,வானம், பாறை, விழும்
Tamil month,சித்திரை,பங்குனி /அடுத்தது, புத்தாண்டு, முதலாவது
Tamil month,வைகாசி, சித்திரை, அடுத்தது, விசாகம்
Tamil month,ஆனி, வைகாசி, அடுத்தது, மூன்றாவது
Tamil month,ஆடி, ஆனி/அடுத்தது, அம்மன்/ கூழ் 
Tamil month,ஆவணி, ஆடி /அடுத்தது, பிள்ளையார் 
Tamil month,புரட்டாசி,ஆவணி /அடுத்தது,சனிக்கிழமை,விரதம்
Tamil month,ஐப்பசி,புரட்டாசி /அடுத்தது, தீபாவளி, மழை 
Tamil month,கார்த்திகை,ஐப்பசி / அடுத்தது, தீபம், விளக்குகள்
Tamil month,மார்கழி,கார்த்திகை /அடுத்தது, கச்சேரி, பக்தி	
Tamil month,தை, மார்கழி /அடுத்தது, பொங்கல், அறுவடை/விளைச்சல்
Tamil month,மாசி,தை /அடுத்தது, அடுத்தது, மகம்
Tamil month,பங்குனி,மாசி /அடுத்தது, உத்திரம்,கல்யாணம்


